id_student;name;email;total_tagihan
A11;Npcav;Npcav@something.com;
A12;Ahpdj;Ahpdj@something.com;
A13;Fhqsf;Fhqsf@something.com;
A14;Dikqk;Dikqk@something.com;
A15;Lssrh;Lssrh@something.com;
A16;Epoin;Epoin@something.com;
A17;Agreg;Agreg@something.com;
A18;Lhdgt;Lhdgt@something.com;
A19;Uvldw;Uvldw@something.com;
A20;Blyvp;Blyvp@something.com;
A21;Mqqpe;Mqqpe@something.com;
A22;Udxaf;Udxaf@something.com;
A23;Wyldu;Wyldu@something.com;
A24;Ewkih;Ewkih@something.com;
A25;Hvuqe;Hvuqe@something.com;
A26;Ansdc;Ansdc@something.com;
A27;Rpkwq;Rpkwq@something.com;
A28;Gfsus;Gfsus@something.com;
A29;Inays;Inays@something.com;
A30;Afdnm;ibay.indra@gmail.com;
A31;Nguen;Nguen@something.com;
A32;Kvgtw;Kvgtw@something.com;
A33;Ppntp;Ppntp@something.com;
A34;Dwgqh;Dwgqh@something.com;
A35;Uivlp;Uivlp@something.com;
A36;Okxqp;Okxqp@something.com;
A37;Cqvgs;Cqvgs@something.com;
A38;Ulhzc;Ulhzc@something.com;
A39;Jhwrg;Jhwrg@something.com;
A40;Asdgy;Asdgy@something.com;
A41;Lsfvz;Lsfvz@something.com;
A42;Tqhcy;Tqhcy@something.com;
A43;Sxojk;Sxojk@something.com;
A44;Vdefz;Vdefz@something.com;
A45;Qaahr;Qaahr@something.com;
A46;Axhgm;Axhgm@something.com;
A47;Zkice;Zkice@something.com;
A48;Fpcnl;Fpcnl@something.com;
A49;Ydsca;Ydsca@something.com;
A50;Qyvfr;Qyvfr@something.com;
A51;Xymuu;Xymuu@something.com;
A52;Tlnlm;Tlnlm@something.com;
A53;Gfecx;Gfecx@something.com;
A54;Bbpul;Bbpul@something.com;
A55;Fxoph;Fxoph@something.com;
A56;Ojion;Ojion@something.com;
A57;Jeikc;Jeikc@something.com;
A58;Mkmjf;Mkmjf@something.com;
A59;Lkszo;Lkszo@something.com;
A60;Vrgfs;Vrgfs@something.com;
A61;Nkepw;Nkepw@something.com;
A62;Xryyr;Xryyr@something.com;
A63;Zzktv;Zzktv@something.com;
A64;Xxwmm;Xxwmm@something.com;
A65;Evogw;Evogw@something.com;
A66;Osckv;Osckv@something.com;
A67;Flqxq;Flqxq@something.com;
A68;Ukdem;Ukdem@something.com;
A69;Zrmpp;Zrmpp@something.com;
A70;Busbo;Busbo@something.com;
A71;Uaznr;Uaznr@something.com;
A72;Kxtgf;Kxtgf@something.com;
A73;Ohwhf;Ohwhf@something.com;
A74;Ysute;Ysute@something.com;
A75;Uzzlf;Uzzlf@something.com;
A76;Xvwxa;Xvwxa@something.com;
A77;Yveup;Yveup@something.com;
A78;Gacdg;Gacdg@something.com;
A79;Nimqq;Nimqq@something.com;
A80;Meaql;Meaql@something.com;
A81;Vbgar;Vbgar@something.com;
A82;Yvimv;Yvimv@something.com;
A83;Fuvzv;Fuvzv@something.com;
A84;Gkuwu;Gkuwu@something.com;
A85;Aryrt;Aryrt@something.com;
A86;Wffyu;Wffyu@something.com;
A87;Arxff;Arxff@something.com;
A88;Nmpzz;Nmpzz@something.com;
A89;Wuqpw;Wuqpw@something.com;
A90;Deiej;Deiej@something.com;
A91;Jrxek;Jrxek@something.com;
A92;Jugrw;Jugrw@something.com;
A93;Zapha;Zapha@something.com;
A94;Rxlcp;Rxlcp@something.com;
A95;Ngznd;Ngznd@something.com;
A96;Sqpax;Sqpax@something.com;
A97;Zpskn;Zpskn@something.com;
A98;Hahwu;Hahwu@something.com;
A99;Rpgob;Rpgob@something.com;
A100;Knogj;Knogj@something.com;
A101;Pvhvc;Pvhvc@something.com;
A102;Mkjrn;Mkjrn@something.com;
A103;Adnxo;Adnxo@something.com;
A104;Ggbut;Ggbut@something.com;
A105;Omlvo;Omlvo@something.com;
A106;Ntxoi;Ntxoi@something.com;
A107;Qdmiv;Qdmiv@something.com;
A108;Wnrbh;Wnrbh@something.com;
A109;Xstit;Xstit@something.com;
A110;Gdgtx;Gdgtx@something.com;
A111;Effew;Effew@something.com;
A112;Tmtxu;Tmtxu@something.com;
A113;Mechu;Mechu@something.com;
A114;Nlabq;Nlabq@something.com;
A115;Kheih;Kheih@something.com;
A116;Dibvc;Dibvc@something.com;
A117;Thpaq;Thpaq@something.com;
A118;Pbulm;Pbulm@something.com;
A119;Etnle;Etnle@something.com;
A120;Lruyj;Lruyj@something.com;
A121;Uskfz;Uskfz@something.com;
A122;Qgdod;Qgdod@something.com;
A123;Ktcwv;Ktcwv@something.com;
A124;Ntacd;Ntacd@something.com;
A125;Zbzwk;Zbzwk@something.com;
A126;Veany;Veany@something.com;
A127;Tpvqu;Tpvqu@something.com;
A128;Muatm;Muatm@something.com;
A129;Jkuxd;Jkuxd@something.com;
A130;Senyy;Senyy@something.com;
A131;Ylixj;Ylixj@something.com;
A132;Gubvh;Gubvh@something.com;
A133;Reujg;Reujg@something.com;
A134;Eovtv;Eovtv@something.com;
A135;Fxbrp;Fxbrp@something.com;
A136;Avgmi;Avgmi@something.com;
A137;Wudkc;Wudkc@something.com;
A138;Phfvf;Phfvf@something.com;
A139;Mzrky;Mzrky@something.com;
A140;Fszye;Fszye@something.com;
A141;Xegzd;Xegzd@something.com;
A142;Yliou;Yliou@something.com;
A143;Sjuff;Sjuff@something.com;
A144;Jepxr;Jepxr@something.com;
A145;Vguky;Vguky@something.com;
A146;Dznao;Dznao@something.com;
A147;Xchza;Xchza@something.com;
A148;Nncbx;Nncbx@something.com;
A149;Vrwew;Vrwew@something.com;
A150;Tsehh;Tsehh@something.com;
A151;Fffsc;Fffsc@something.com;
A152;Xpimn;Xpimn@something.com;
A153;Wuwbi;Wuwbi@something.com;
A154;Xhcuv;Xhcuv@something.com;
A155;Ykhcz;Ykhcz@something.com;
A156;Efrva;Efrva@something.com;
A157;Ifysb;Ifysb@something.com;
A158;Byblr;Byblr@something.com;
A159;Qjxqy;Qjxqy@something.com;
A160;Idaho;Idaho@something.com;
A161;Xadqc;Xadqc@something.com;
A162;Bspgn;Bspgn@something.com;
A163;Dntwr;Dntwr@something.com;
A164;Nxekw;Nxekw@something.com;
A165;Zosxj;Zosxj@something.com;
A166;Iilqp;Iilqp@something.com;
A167;Fyjff;Fyjff@something.com;
A168;Ubakg;Ubakg@something.com;
A169;Zeukr;Zeukr@something.com;
A170;Mstnm;Mstnm@something.com;
A171;Yvjhk;Yvjhk@something.com;
A172;Uvjhd;Uvjhd@something.com;
A173;Zljqs;Zljqs@something.com;
A174;Ukceo;Ukceo@something.com;
A175;Jeyae;Jeyae@something.com;
A176;Tdfng;Tdfng@something.com;
A177;Rmzya;Rmzya@something.com;
A178;Irftg;Irftg@something.com;
A179;Rkjgy;Rkjgy@something.com;
A180;Cawmw;Cawmw@something.com;
A181;Kzjog;Kzjog@something.com;
A182;Ywexk;Ywexk@something.com;
A183;Hhrmx;Hhrmx@something.com;
A184;Weucn;Weucn@something.com;
A185;Glbnx;Glbnx@something.com;
A186;Tyxoa;Tyxoa@something.com;
A187;Bkxow;Bkxow@something.com;
A188;Mpmbm;Mpmbm@something.com;
A189;Udugv;Udugv@something.com;
A190;Gmdgz;Gmdgz@something.com;
A191;Nhbhj;Nhbhj@something.com;
A192;Iqrhm;Iqrhm@something.com;
A193;Wsgfe;Wsgfe@something.com;
A194;Xvurj;Xvurj@something.com;
A195;Chbfk;Chbfk@something.com;
A196;Sniak;Sniak@something.com;
A197;Hptdz;Hptdz@something.com;
A198;Sfapy;Sfapy@something.com;
A199;Vgyja;Vgyja@something.com;
A200;Devzq;Devzq@something.com;
A201;Ktcwk;Ktcwk@something.com;
A202;Zmiov;Zmiov@something.com;
A203;Neyms;Neyms@something.com;
A204;Oogai;Oogai@something.com;
A205;Wpwaj;Wpwaj@something.com;
A206;Kusvb;Kusvb@something.com;
A207;Gqhvb;Gqhvb@something.com;
A208;Bbavk;Bbavk@something.com;
A209;Lvmcg;Lvmcg@something.com;
A210;Qthht;Qthht@something.com;
A211;Zwzbr;Zwzbr@something.com;
A212;Vbipv;Vbipv@something.com;
A213;Juvou;Juvou@something.com;
A214;Fvyfp;Fvyfp@something.com;
A215;Bvkix;Bvkix@something.com;
A216;Mvdfk;Mvdfk@something.com;
A217;Plclm;Plclm@something.com;
A218;Lyfrg;Lyfrg@something.com;
A219;Pvcmx;Pvcmx@something.com;
A220;Hqxgj;Hqxgj@something.com;
A221;Oprrs;Oprrs@something.com;
A222;Cqhjf;Cqhjf@something.com;
A223;Rbyrf;Rbyrf@something.com;
A224;Xuufz;Xuufz@something.com;
A225;Avdxs;Avdxs@something.com;
A226;Rsrhp;Rsrhp@something.com;
A227;Khucf;Khucf@something.com;
A228;Vkwxt;Vkwxt@something.com;
A229;Bduzn;Bduzn@something.com;
A230;Qebql;Qebql@something.com;
A231;Oszlg;Oszlg@something.com;
A232;Abzdc;Abzdc@something.com;
A233;Zjtty;Zjtty@something.com;
A234;Reska;Reska@something.com;
A235;Oauqh;Oauqh@something.com;
A236;Cfrzj;Cfrzj@something.com;
A237;Nxlpf;Nxlpf@something.com;
A238;Grlij;Grlij@something.com;
A239;Xjqqy;Xjqqy@something.com;
A240;Cgmcb;Cgmcb@something.com;
A241;Iqvtk;Iqvtk@something.com;
A242;Mbpyy;Mbpyy@something.com;
A243;Eyqxd;Eyqxd@something.com;
A244;Futvs;Futvs@something.com;
A245;Zgsgg;Zgsgg@something.com;
A246;Ugatd;Ugatd@something.com;
A247;Oqfad;Oqfad@something.com;
A248;Smbza;Smbza@something.com;
A249;Ztils;Ztils@something.com;
A250;Uuvqx;Uuvqx@something.com;
A251;Laorn;Laorn@something.com;
A252;Nyhsv;Nyhsv@something.com;
A253;Uevnk;Uevnk@something.com;
A254;Jsswp;Jsswp@something.com;
A255;Lzoih;Lzoih@something.com;
A256;Nlebc;Nlebc@something.com;
A257;Cmypj;Cmypj@something.com;
A258;Weueo;Weueo@something.com;
A259;Jrhfq;Jrhfq@something.com;
A260;Nmfvr;Nmfvr@something.com;
A261;Jjhnv;Jjhnv@something.com;
A262;Jzupb;Jzupb@something.com;
A263;Qfjrn;Qfjrn@something.com;
A264;Ntdmb;Ntdmb@something.com;
A265;Rvbot;Rvbot@something.com;
A266;Ywjnc;Ywjnc@something.com;
A267;Ezofu;Ezofu@something.com;
A268;Wrhtj;Wrhtj@something.com;
A269;Tusww;Tusww@something.com;
A270;Qlyhr;Qlyhr@something.com;
A271;Szdgf;Szdgf@something.com;
A272;Lqrtv;Lqrtv@something.com;
A273;Ssgeq;Ssgeq@something.com;
A274;Wzhii;Wzhii@something.com;
A275;Gpptj;Gpptj@something.com;
A276;Fupto;Fupto@something.com;
A277;Jrhas;Jrhas@something.com;
A278;Ismus;Ismus@something.com;
A279;Ztvjf;Ztvjf@something.com;
A280;Srobj;Srobj@something.com;
A281;Dlzir;Dlzir@something.com;
A282;Hljtg;Hljtg@something.com;
A283;Qpcnz;Qpcnz@something.com;
A284;Adwrn;Adwrn@something.com;
A285;Ebdea;Ebdea@something.com;
A286;Wwcvc;Wwcvc@something.com;
A287;Vauzd;Vauzd@something.com;
A288;Iuiof;Iuiof@something.com;
A289;Nuimv;Nuimv@something.com;
A290;Ducvb;Ducvb@something.com;
A291;Ljdqy;Ljdqy@something.com;
A292;Iosdb;Iosdb@something.com;
A293;Yhbip;Yhbip@something.com;
A294;Wvtxc;Wvtxc@something.com;
A295;Yrdgk;Yrdgk@something.com;
A296;Pbrsf;Pbrsf@something.com;
A297;Ugzlm;Ugzlm@something.com;
A298;Hyiji;Hyiji@something.com;
A299;Bxxrt;Bxxrt@something.com;
A300;Wunkd;Wunkd@something.com;
A301;Opuez;Opuez@something.com;
A302;Pkopl;Pkopl@something.com;
A303;Uxzvf;Uxzvf@something.com;
A304;Yggyc;Yggyc@something.com;
A305;Dnqsd;Dnqsd@something.com;
A306;Qouvn;Qouvn@something.com;
A307;Kzgwx;Kzgwx@something.com;
A308;Agjlx;Agjlx@something.com;
A309;Sxvpa;Sxvpa@something.com;
A310;Zxoms;Zxoms@something.com;
A311;Lgfgo;Lgfgo@something.com;
A312;Moplo;Moplo@something.com;
A313;Zwkgo;Zwkgo@something.com;
A314;Apflc;Apflc@something.com;
A315;Lgaob;Lgaob@something.com;
A316;Vsmvp;Vsmvp@something.com;
A317;Cvzwy;Cvzwy@something.com;
A318;Ptxzt;Ptxzt@something.com;
A319;Jtyic;Jtyic@something.com;
A320;Mrldx;Mrldx@something.com;
A321;Mnyos;Mnyos@something.com;
A322;Yypaq;Yypaq@something.com;
A323;Tkwug;Tkwug@something.com;
A324;Eatbc;Eatbc@something.com;
A325;Lrfap;Lrfap@something.com;
A326;Psatb;Psatb@something.com;
A327;Mgoaz;Mgoaz@something.com;
A328;Cnxgz;Cnxgz@something.com;
A329;Mmlmw;Mmlmw@something.com;
A330;Lisyq;Lisyq@something.com;
A331;Tjsuh;Tjsuh@something.com;
A332;Gdrpt;Gdrpt@something.com;
A333;Qqxoa;Qqxoa@something.com;
A334;Mwrvw;Mwrvw@something.com;
A335;Wzuff;Wzuff@something.com;
A336;Qahbz;Qahbz@something.com;
A337;Kdltw;Kdltw@something.com;
A338;Nyrno;Nyrno@something.com;
A339;Palqt;Palqt@something.com;
A340;Xsrzi;Xsrzi@something.com;
A341;Ozaka;Ozaka@something.com;
A342;Xpsnw;Xpsnw@something.com;
A343;Cxpla;Cxpla@something.com;
A344;Sqpmt;Sqpmt@something.com;
A345;Wpmbi;Wpmbi@something.com;
A346;Qyxvc;Qyxvc@something.com;
A347;Uksdq;Uksdq@something.com;
A348;Mcgmn;Mcgmn@something.com;
A349;Qmzcl;Qmzcl@something.com;
A350;Suzqz;Suzqz@something.com;
A351;Rsctw;Rsctw@something.com;
A352;Dufef;Dufef@something.com;
A353;Aturr;Aturr@something.com;
A354;Ffnmy;Ffnmy@something.com;
A355;Zibpn;Zibpn@something.com;
A356;Ikzki;Ikzki@something.com;
A357;Vmdtb;Vmdtb@something.com;
A358;Qurpa;Qurpa@something.com;
A359;Ggrog;Ggrog@something.com;
A360;Pbhyi;Pbhyi@something.com;
A361;Jzfui;Jzfui@something.com;
A362;Kctnx;Kctnx@something.com;
A363;Afgar;Afgar@something.com;
A364;Uwhzk;Uwhzk@something.com;
A365;Stfxz;Stfxz@something.com;
A366;Makop;Makop@something.com;
A367;Vsdqv;Vsdqv@something.com;
A368;Dwnty;Dwnty@something.com;
A369;Wzcls;Wzcls@something.com;
A370;Zqsfi;Zqsfi@something.com;
A371;Qjucd;Qjucd@something.com;
A372;Oyxou;Oyxou@something.com;
A373;Byusb;Byusb@something.com;
A374;Kvfjk;Kvfjk@something.com;
A375;Ehfmh;Ehfmh@something.com;
A376;Nnddb;Nnddb@something.com;
A377;Jgylf;Jgylf@something.com;
A378;Nmgyy;Nmgyy@something.com;
A379;Hggdc;Hggdc@something.com;
A380;Rlscp;Rlscp@something.com;
A381;Skzcb;Skzcb@something.com;
A382;Vacgo;Vacgo@something.com;
A383;Gzbgf;Gzbgf@something.com;
A384;Zrvok;Zrvok@something.com;
A385;Zeiww;Zeiww@something.com;
A386;Aikes;Aikes@something.com;
A387;Twgnr;Twgnr@something.com;
A388;Czgxy;Czgxy@something.com;
A389;Vnfvf;Vnfvf@something.com;
A390;Ujqjj;Ujqjj@something.com;
A391;Kvbqk;Kvbqk@something.com;
A392;Vyyvj;Vyyvj@something.com;
A393;Ddyyz;Ddyyz@something.com;
A394;Bgtxj;Bgtxj@something.com;
A395;Ghyso;Ghyso@something.com;
A396;Adeph;Adeph@something.com;
A397;Qoxuf;Qoxuf@something.com;
A398;Igwkf;Igwkf@something.com;
A399;Aiaks;Aiaks@something.com;
A400;Tvzae;Tvzae@something.com;
A401;Fhdik;Fhdik@something.com;
A402;Bziqe;Bziqe@something.com;
A403;Vtpjo;Vtpjo@something.com;
A404;Iflho;Iflho@something.com;
A405;Wwegt;Wwegt@something.com;
A406;Maiqv;Maiqv@something.com;
A407;Udgnu;Udgnu@something.com;
A408;Twbuq;Twbuq@something.com;
A409;Cijoj;Cijoj@something.com;
A410;Feevg;Feevg@something.com;
A411;Yhfkb;Yhfkb@something.com;
A412;Ifffr;Ifffr@something.com;
A413;Duzmg;Duzmg@something.com;
A414;Uufld;Uufld@something.com;
A415;Pckbs;Pckbs@something.com;
A416;Nioyu;Nioyu@something.com;
A417;Jybyl;Jybyl@something.com;
A418;Rwybd;Rwybd@something.com;
A419;Nfzci;Nfzci@something.com;
A420;Leboq;Leboq@something.com;
A421;Lefpr;Lefpr@something.com;
A422;Gqmqi;Gqmqi@something.com;
A423;Cclzc;Cclzc@something.com;
A424;Mnmbn;Mnmbn@something.com;
A425;Macwc;Macwc@something.com;
A426;Uvpds;Uvpds@something.com;
A427;Rpejm;Rpejm@something.com;
A428;Irzpl;Irzpl@something.com;
A429;Wewpb;Wewpb@something.com;
A430;Owkxb;Owkxb@something.com;
A431;Tmdps;Tmdps@something.com;
A432;Yzbro;Yzbro@something.com;
A433;Akdwg;Akdwg@something.com;
A434;Myhys;Myhys@something.com;
A435;Pbjha;Pbjha@something.com;
A436;Ybxbd;Ybxbd@something.com;
A437;Mdscc;Mdscc@something.com;
A438;Aedwo;Aedwo@something.com;
A439;Rgoxn;Rgoxn@something.com;
A440;Ocldx;Ocldx@something.com;
A441;Gphjv;Gphjv@something.com;
A442;Zjwsh;Zjwsh@something.com;
A443;Osrqs;Osrqs@something.com;
A444;Haodh;Haodh@something.com;
A445;Xqrjr;Xqrjr@something.com;
A446;Llqkm;Llqkm@something.com;
A447;Pixwg;Pixwg@something.com;
A448;Bdxcd;Bdxcd@something.com;
A449;Xnnut;Xnnut@something.com;
A450;Gxlah;Gxlah@something.com;
A451;Fuldk;Fuldk@something.com;
A452;Byaom;Byaom@something.com;
A453;Ojtzj;Ojtzj@something.com;
A454;Ckcro;Ckcro@something.com;
A455;Luvox;Luvox@something.com;
A456;Kdpcq;Kdpcq@something.com;
A457;Ryaph;Ryaph@something.com;
A458;Ddgnv;Ddgnv@something.com;
A459;Fltwe;Fltwe@something.com;
A460;Pumvo;Pumvo@something.com;
A461;Rksgu;Rksgu@something.com;
A462;Ljaml;Ljaml@something.com;
A463;Cavzs;Cavzs@something.com;
A464;Bprcr;Bprcr@something.com;
A465;Jisqk;Jisqk@something.com;
A466;Jhupf;Jhupf@something.com;
A467;Djfco;Djfco@something.com;
A468;Agwua;Agwua@something.com;
A469;Mjtte;Mjtte@something.com;
A470;Ayszw;Ayszw@something.com;
A471;Kcqvq;Kcqvq@something.com;
A472;Nsoph;Nsoph@something.com;
A473;Eofji;Eofji@something.com;
A474;Uwtis;Uwtis@something.com;
A475;Uhygr;Uhygr@something.com;
A476;Qxwdx;Qxwdx@something.com;
A477;Rsofa;Rsofa@something.com;
A478;Vvnlu;Vvnlu@something.com;
A479;Doocl;Doocl@something.com;
A480;Ttytr;Ttytr@something.com;
A481;Dcbdg;Dcbdg@something.com;
A482;Hrqku;Hrqku@something.com;
A483;Mnxnk;Mnxnk@something.com;
A484;Cuimj;Cuimj@something.com;
A485;Evddn;Evddn@something.com;
A486;Xnzgx;Xnzgx@something.com;
A487;Ayqdh;Ayqdh@something.com;
A488;Fqhdg;Fqhdg@something.com;
A489;Xxpnd;Xxpnd@something.com;
A490;Fgigv;Fgigv@something.com;
A491;Meqjz;Meqjz@something.com;
A492;Papcd;Papcd@something.com;
A493;Pqeyr;Pqeyr@something.com;
A494;Pmsko;Pmsko@something.com;
A495;Ecxai;Ecxai@something.com;
A496;Uyjvx;Uyjvx@something.com;
A497;Hphbr;Hphbr@something.com;
A498;Mqazy;Mqazy@something.com;
A499;Tqxfg;Tqxfg@something.com;
A500;Xnszu;Xnszu@something.com;
A501;Tdexl;Tdexl@something.com;
A502;Ajvuu;Ajvuu@something.com;
A503;Pyluw;Pyluw@something.com;
A504;Bkbvn;Bkbvn@something.com;
A505;Gyynu;Gyynu@something.com;
A506;Djukg;Djukg@something.com;
A507;Pfywy;Pfywy@something.com;
A508;Yxklv;Yxklv@something.com;
A509;Shwwg;Shwwg@something.com;
A510;Nnhux;Nnhux@something.com;
